{
  "pages": [
    {
      "page": 1,
      "text": "                5 BEST MOVIES OF ALL TIME\n\"What are the 5 best movies of all time?\" It's a hell of a question to ask,\nand an even harder one to answer — even for the team here at Empire,\nthe world's biggest and best-loved movie magazine. After all, there are all\nkinds of reasons why individual films stand the test of time, connecting\nwith us personally while speaking to the universal. The very best\nexemplars of the form conjure indelible images, evoke overwhelming\nemotions, tell unforgettable stories, and bring us characters who — love\n'em or loathe 'em — we truly believe in.\n5) The Shawshank Redemption (1994)",
      "md": "# 5 BEST MOVIES OF ALL TIME\n\n\"What are the 5 best movies of all time?\" It's a hell of a question to ask, and an even harder one to answer — even for the team here at Empire, the world's biggest and best-loved movie magazine. After all, there are all kinds of reasons why individual films stand the test of time, connecting with us personally while speaking to the universal. The very best exemplars of the form conjure indelible images, evoke overwhelming emotions, tell unforgettable stories, and bring us characters who — love 'em or loathe 'em — we truly believe in.\n\n# 5) The Shawshank Redemption (1994)",
      "images": [
        {
          "name": "img_p0_1.png",
          "height": 810,
          "width": 1440,
          "x": 72,
          "y": 101.35076377952805,
          "original_width": 1440,
          "original_height": 810
        }
      ],
      "charts": [],
      "items": [
        {
          "type": "heading",
          "lvl": 1,
          "value": "5 BEST MOVIES OF ALL TIME",
          "md": "# 5 BEST MOVIES OF ALL TIME",
          "bBox": {
            "x": 170,
            "y": 71.89,
            "w": 255,
            "h": 16
          }
        },
        {
          "type": "text",
          "value": "\"What are the 5 best movies of all time?\" It's a hell of a question to ask, and an even harder one to answer — even for the team here at Empire, the world's biggest and best-loved movie magazine. After all, there are all kinds of reasons why individual films stand the test of time, connecting with us personally while speaking to the universal. The very best exemplars of the form conjure indelible images, evoke overwhelming emotions, tell unforgettable stories, and bring us characters who — love 'em or loathe 'em — we truly believe in.",
          "md": "\"What are the 5 best movies of all time?\" It's a hell of a question to ask, and an even harder one to answer — even for the team here at Empire, the world's biggest and best-loved movie magazine. After all, there are all kinds of reasons why individual films stand the test of time, connecting with us personally while speaking to the universal. The very best exemplars of the form conjure indelible images, evoke overwhelming emotions, tell unforgettable stories, and bring us characters who — love 'em or loathe 'em — we truly believe in.",
          "bBox": {
            "x": 72,
            "y": 71.89,
            "w": 445,
            "h": 418
          }
        },
        {
          "type": "heading",
          "lvl": 1,
          "value": "5) The Shawshank Redemption (1994)",
          "md": "# 5) The Shawshank Redemption (1994)",
          "bBox": {
            "x": 72,
            "y": 525.89,
            "w": 258,
            "h": 12
          }
        }
      ],
      "status": "OK",
      "links": [],
      "width": 595.303937007874,
      "height": 841.889763779528,
      "triggeredAutoMode": false,
      "parsingMode": "accurate",
      "structuredData": null,
      "noStructuredContent": false,
      "noTextContent": false
    },
    {
      "page": 2,
      "text": "Director: Frank Darabont\nStarring: Tim Robbins, Morgan Freeman, William Sadler\nThe warm, leathery embrace of Morgan Freeman's narration... The\nreassuringly Gary Cooper-ish rumple of Tim Robbins' face... Odd that a\nmovie which features such harshness and tragedy should remain a feel-\ngood perennial — even odder when you consider it was a box-office flop\non release. Few directorial debuts are so deftly constructed; no surprise,\nthen, that Frank Darabont has yet to top it.\n4) The Dark Knight (2008)",
      "md": "Director: Frank Darabont\n\nStarring: Tim Robbins, Morgan Freeman, William Sadler\n\nThe warm, leathery embrace of Morgan Freeman's narration... The reassuringly Gary Cooper-ish rumple of Tim Robbins' face... Odd that a movie which features such harshness and tragedy should remain a feel-good perennial — even odder when you consider it was a box-office flop on release. Few directorial debuts are so deftly constructed; no surprise, then, that Frank Darabont has yet to top it.\n\n# 4) The Dark Knight (2008)",
      "images": [
        {
          "name": "img_p1_1.png",
          "height": 810,
          "width": 1440,
          "x": 72,
          "y": 71.95076377952802,
          "original_width": 1440,
          "original_height": 810
        }
      ],
      "charts": [],
      "items": [
        {
          "type": "text",
          "value": "Director: Frank Darabont\n\nStarring: Tim Robbins, Morgan Freeman, William Sadler\n\nThe warm, leathery embrace of Morgan Freeman's narration... The reassuringly Gary Cooper-ish rumple of Tim Robbins' face... Odd that a movie which features such harshness and tragedy should remain a feel-good perennial — even odder when you consider it was a box-office flop on release. Few directorial debuts are so deftly constructed; no surprise, then, that Frank Darabont has yet to top it.",
          "md": "Director: Frank Darabont\n\nStarring: Tim Robbins, Morgan Freeman, William Sadler\n\nThe warm, leathery embrace of Morgan Freeman's narration... The reassuringly Gary Cooper-ish rumple of Tim Robbins' face... Odd that a movie which features such harshness and tragedy should remain a feel-good perennial — even odder when you consider it was a box-office flop on release. Few directorial debuts are so deftly constructed; no surprise, then, that Frank Darabont has yet to top it.",
          "bBox": {
            "x": 72,
            "y": 359.89,
            "w": 435,
            "h": 141
          }
        },
        {
          "type": "heading",
          "lvl": 1,
          "value": "4) The Dark Knight (2008)",
          "md": "# 4) The Dark Knight (2008)",
          "bBox": {
            "x": 72,
            "y": 560.89,
            "w": 176,
            "h": 12
          }
        }
      ],
      "status": "OK",
      "links": [],
      "width": 595.303937007874,
      "height": 841.889763779528,
      "triggeredAutoMode": false,
      "parsingMode": "accurate",
      "structuredData": null,
      "noStructuredContent": false,
      "noTextContent": false
    },
    {
      "page": 3,
      "text": "Director: Christopher Nolan\nStarring: Christian Bale, Heath Ledger, Aaron Eckhart, Maggie\nGyllenhaal, Gary Oldman\nAnd away… we… go! After constructing a whole new Gotham in Batman\nBegins, Christopher Nolan introduced the clown intent on tearing the\nwhole thing down. Despite being a Batman movie (albeit the first ever not\nto have 'Batman' in the title), The Dark Knight is absolutely The Joker's\nshow – the late, great Heath Ledger (an initially controversial choice)\nputting in a visceral, transformative, truly terrifying performance as the\nClown Prince Of… not exactly Crime, but pure, unadulterated Chaos. Less\nthan a decade after 9/11, Nolan re-conceived Batman's greatest foe as an\nunpredictable terrorist intent on turning the people of Gotham against\neach other – his actions intended to spark mass discord pulled off in jaw-\ndropping set-pieces. For all the spectacle, this is a very different\nblockbuster from the off – the genius opening clown-mask bank heist is\nthe film in miniature, an ambitious crime saga clad in superhero trappings,\ndaring and ruthless and full of surprises. The Dark Knight is full-strength,\nno-holds-barred, firing-on-all cylinders Nolan, and not just an all-time great\ncomic book movie, but an all-time great movie period — as the movie's\nrightful high ranking here attests.",
      "md": "# The Dark Knight\n\nDirector: Christopher Nolan\n\nStarring: Christian Bale, Heath Ledger, Aaron Eckhart, Maggie Gyllenhaal, Gary Oldman\n\nAnd away… we… go! After constructing a whole new Gotham in Batman Begins, Christopher Nolan introduced the clown intent on tearing the whole thing down. Despite being a Batman movie (albeit the first ever not to have 'Batman' in the title), The Dark Knight is absolutely The Joker's show – the late, great Heath Ledger (an initially controversial choice) putting in a visceral, transformative, truly terrifying performance as the Clown Prince Of… not exactly Crime, but pure, unadulterated Chaos. Less than a decade after 9/11, Nolan re-conceived Batman's greatest foe as an unpredictable terrorist intent on turning the people of Gotham against each other – his actions intended to spark mass discord pulled off in jaw-dropping set-pieces.\n\nFor all the spectacle, this is a very different blockbuster from the off – the genius opening clown-mask bank heist is the film in miniature, an ambitious crime saga clad in superhero trappings, daring and ruthless and full of surprises. The Dark Knight is full-strength, no-holds-barred, firing-on-all cylinders Nolan, and not just an all-time great comic book movie, but an all-time great movie period — as the movie's rightful high ranking here attests.",
      "images": [
        {
          "name": "img_p2_1.png",
          "height": 810,
          "width": 1440,
          "x": 72,
          "y": 71.95076377952802,
          "original_width": 1440,
          "original_height": 810
        }
      ],
      "charts": [],
      "items": [
        {
          "type": "heading",
          "lvl": 1,
          "value": "The Dark Knight",
          "md": "# The Dark Knight",
          "bBox": {
            "x": 0,
            "y": 0,
            "w": 595.3,
            "h": 841.89
          }
        },
        {
          "type": "text",
          "value": "Director: Christopher Nolan\n\nStarring: Christian Bale, Heath Ledger, Aaron Eckhart, Maggie Gyllenhaal, Gary Oldman\n\nAnd away… we… go! After constructing a whole new Gotham in Batman Begins, Christopher Nolan introduced the clown intent on tearing the whole thing down. Despite being a Batman movie (albeit the first ever not to have 'Batman' in the title), The Dark Knight is absolutely The Joker's show – the late, great Heath Ledger (an initially controversial choice) putting in a visceral, transformative, truly terrifying performance as the Clown Prince Of… not exactly Crime, but pure, unadulterated Chaos. Less than a decade after 9/11, Nolan re-conceived Batman's greatest foe as an unpredictable terrorist intent on turning the people of Gotham against each other – his actions intended to spark mass discord pulled off in jaw-dropping set-pieces.\n\nFor all the spectacle, this is a very different blockbuster from the off – the genius opening clown-mask bank heist is the film in miniature, an ambitious crime saga clad in superhero trappings, daring and ruthless and full of surprises. The Dark Knight is full-strength, no-holds-barred, firing-on-all cylinders Nolan, and not just an all-time great comic book movie, but an all-time great movie period — as the movie's rightful high ranking here attests.",
          "md": "Director: Christopher Nolan\n\nStarring: Christian Bale, Heath Ledger, Aaron Eckhart, Maggie Gyllenhaal, Gary Oldman\n\nAnd away… we… go! After constructing a whole new Gotham in Batman Begins, Christopher Nolan introduced the clown intent on tearing the whole thing down. Despite being a Batman movie (albeit the first ever not to have 'Batman' in the title), The Dark Knight is absolutely The Joker's show – the late, great Heath Ledger (an initially controversial choice) putting in a visceral, transformative, truly terrifying performance as the Clown Prince Of… not exactly Crime, but pure, unadulterated Chaos. Less than a decade after 9/11, Nolan re-conceived Batman's greatest foe as an unpredictable terrorist intent on turning the people of Gotham against each other – his actions intended to spark mass discord pulled off in jaw-dropping set-pieces.\n\nFor all the spectacle, this is a very different blockbuster from the off – the genius opening clown-mask bank heist is the film in miniature, an ambitious crime saga clad in superhero trappings, daring and ruthless and full of surprises. The Dark Knight is full-strength, no-holds-barred, firing-on-all cylinders Nolan, and not just an all-time great comic book movie, but an all-time great movie period — as the movie's rightful high ranking here attests.",
          "bBox": {
            "x": 72,
            "y": 359.89,
            "w": 451,
            "h": 334
          }
        }
      ],
      "status": "OK",
      "links": [
        {
          "url": "https://www.empireonline.com/movies/features/why-batman-is-cinemas-greatest-superhero/",
          "text": "Batman"
        },
        {
          "url": "https://www.empireonline.com/movies/reviews/batman-begins-review/",
          "text": "Batman Begins"
        },
        {
          "url": "https://www.empireonline.com/movies/reviews/batman-begins-review/",
          "text": "Batman Begins"
        }
      ],
      "width": 595.303937007874,
      "height": 841.889763779528,
      "triggeredAutoMode": false,
      "parsingMode": "accurate",
      "structuredData": null,
      "noStructuredContent": false,
      "noTextContent": false
    },
    {
      "page": 4,
      "text": "3) The Godfather (1972)\nDirector: Francis Ford Coppola\nStarring: Marlon Brando, Al Pacino, James Caan, John Cazale, Talia Shire\nStanley Kubrick once described Francis Ford Coppola's adaptation of Mario\nPuzo's novel as the best film ever made – though having previously\ntopped this list, this time it falls to bronze position. At once an arthouse\ndrama and a commercial blockbuster, The Godfather marked the dawn of\nthe age of the mega-movie. An icon of the gangster genre, it’s imprinted\nin popular culture – \"Luca Brasi sleeps with the fishes\", the horse's head in\nthe bed – but the first instalment of Brando's cotton-cheeked patriarch's\nfight for power is so much more than those moments. With performances,\nstyle and substance to savour, it managed to both smash box office\nrecords and live on as a staple of cinematic canon.\n2) Star Wars: The Empire Strikes Back (1980)",
      "md": "# 3) The Godfather (1972)\n\nDirector: Francis Ford Coppola\n\nStarring: Marlon Brando, Al Pacino, James Caan, John Cazale, Talia Shire\n\nStanley Kubrick once described Francis Ford Coppola's adaptation of Mario Puzo's novel as the best film ever made – though having previously topped this list, this time it falls to bronze position. At once an arthouse drama and a commercial blockbuster, The Godfather marked the dawn of the age of the mega-movie. An icon of the gangster genre, it’s imprinted in popular culture – \"Luca Brasi sleeps with the fishes\", the horse's head in the bed – but the first instalment of Brando's cotton-cheeked patriarch's fight for power is so much more than those moments. With performances, style and substance to savour, it managed to both smash box office records and live on as a staple of cinematic canon.\n\n# 2) Star Wars: The Empire Strikes Back (1980)",
      "images": [
        {
          "name": "img_p3_1.png",
          "height": 810,
          "width": 1440,
          "x": 72,
          "y": 120.150763779528,
          "original_width": 1440,
          "original_height": 810
        }
      ],
      "charts": [],
      "items": [
        {
          "type": "heading",
          "lvl": 1,
          "value": "3) The Godfather (1972)",
          "md": "# 3) The Godfather (1972)",
          "bBox": {
            "x": 72,
            "y": 71.89,
            "w": 164,
            "h": 12
          }
        },
        {
          "type": "text",
          "value": "Director: Francis Ford Coppola\n\nStarring: Marlon Brando, Al Pacino, James Caan, John Cazale, Talia Shire\n\nStanley Kubrick once described Francis Ford Coppola's adaptation of Mario Puzo's novel as the best film ever made – though having previously topped this list, this time it falls to bronze position. At once an arthouse drama and a commercial blockbuster, The Godfather marked the dawn of the age of the mega-movie. An icon of the gangster genre, it’s imprinted in popular culture – \"Luca Brasi sleeps with the fishes\", the horse's head in the bed – but the first instalment of Brando's cotton-cheeked patriarch's fight for power is so much more than those moments. With performances, style and substance to savour, it managed to both smash box office records and live on as a staple of cinematic canon.",
          "md": "Director: Francis Ford Coppola\n\nStarring: Marlon Brando, Al Pacino, James Caan, John Cazale, Talia Shire\n\nStanley Kubrick once described Francis Ford Coppola's adaptation of Mario Puzo's novel as the best film ever made – though having previously topped this list, this time it falls to bronze position. At once an arthouse drama and a commercial blockbuster, The Godfather marked the dawn of the age of the mega-movie. An icon of the gangster genre, it’s imprinted in popular culture – \"Luca Brasi sleeps with the fishes\", the horse's head in the bed – but the first instalment of Brando's cotton-cheeked patriarch's fight for power is so much more than those moments. With performances, style and substance to savour, it managed to both smash box office records and live on as a staple of cinematic canon.",
          "bBox": {
            "x": 72,
            "y": 407.89,
            "w": 449,
            "h": 205
          }
        },
        {
          "type": "heading",
          "lvl": 1,
          "value": "2) Star Wars: The Empire Strikes Back (1980)",
          "md": "# 2) Star Wars: The Empire Strikes Back (1980)",
          "bBox": {
            "x": 72,
            "y": 745.89,
            "w": 306,
            "h": 12
          }
        }
      ],
      "status": "OK",
      "links": [
        {
          "url": "https://www.empireonline.com/movies/news/francis-ford-coppola-godfather-at-50-changed-my-life-exclusive/",
          "text": "live on"
        },
        {
          "url": "https://www.empireonline.com/movies/features/the-20-best-moments-from-the-godfather-trilogy/",
          "text": "those moments"
        }
      ],
      "width": 595.303937007874,
      "height": 841.889763779528,
      "triggeredAutoMode": false,
      "parsingMode": "accurate",
      "structuredData": null,
      "noStructuredContent": false,
      "noTextContent": false
    },
    {
      "page": 5,
      "text": "Director: Irvin Kershner\nStarring: Mark Hamill, Harrison Ford, Carrie Fisher, Billy Dee Williams,\nDavid Prowse\nIf Star Wars gave us a whole new cinematic galaxy, Empire made that\ngalaxy feel so much larger, deeper, and richer. Bolstered by the original's\nsuccess, George Lucas shot for the moon a second time around, teaming\nup with director Irvin Kershner to tell the story of Luke training under\nMaster Yoda, Han and Leia heading to Cloud City, and Darth Vader\ndropping the daddy of all twists. Episode V ramped up the scope with\nmore astonishing model work, dizzying dogfights, the snowy Hoth battle,\nand a ferocious lightsaber duel between Luke and Vader. It is, simply,\nbigger and better than the original Star Wars, influential in its own right\nwith its downer-ending and game-changing familial revelations. We love it.\nYou know.",
      "md": "# Director: Irvin Kershner\n\n# Starring:\n\nMark Hamill, Harrison Ford, Carrie Fisher, Billy Dee Williams, David Prowse\n\nIf Star Wars gave us a whole new cinematic galaxy, Empire made that galaxy feel so much larger, deeper, and richer. Bolstered by the original's success, George Lucas shot for the moon a second time around, teaming up with director Irvin Kershner to tell the story of Luke training under Master Yoda, Han and Leia heading to Cloud City, and Darth Vader dropping the daddy of all twists. Episode V ramped up the scope with more astonishing model work, dizzying dogfights, the snowy Hoth battle, and a ferocious lightsaber duel between Luke and Vader. It is, simply, bigger and better than the original Star Wars, influential in its own right with its downer-ending and game-changing familial revelations. We love it. You know.",
      "images": [
        {
          "name": "img_p4_1.png",
          "height": 810,
          "width": 1440,
          "x": 72,
          "y": 96.05076377952804,
          "original_width": 1440,
          "original_height": 810
        }
      ],
      "charts": [],
      "items": [
        {
          "type": "heading",
          "lvl": 1,
          "value": "Director: Irvin Kershner",
          "md": "# Director: Irvin Kershner",
          "bBox": {
            "x": 72,
            "y": 383.89,
            "w": 147,
            "h": 12
          }
        },
        {
          "type": "heading",
          "lvl": 1,
          "value": "Starring:",
          "md": "# Starring:",
          "bBox": {
            "x": 0,
            "y": 0,
            "w": 595.3,
            "h": 841.89
          }
        },
        {
          "type": "text",
          "value": "Mark Hamill, Harrison Ford, Carrie Fisher, Billy Dee Williams, David Prowse\n\nIf Star Wars gave us a whole new cinematic galaxy, Empire made that galaxy feel so much larger, deeper, and richer. Bolstered by the original's success, George Lucas shot for the moon a second time around, teaming up with director Irvin Kershner to tell the story of Luke training under Master Yoda, Han and Leia heading to Cloud City, and Darth Vader dropping the daddy of all twists. Episode V ramped up the scope with more astonishing model work, dizzying dogfights, the snowy Hoth battle, and a ferocious lightsaber duel between Luke and Vader. It is, simply, bigger and better than the original Star Wars, influential in its own right with its downer-ending and game-changing familial revelations. We love it. You know.",
          "md": "Mark Hamill, Harrison Ford, Carrie Fisher, Billy Dee Williams, David Prowse\n\nIf Star Wars gave us a whole new cinematic galaxy, Empire made that galaxy feel so much larger, deeper, and richer. Bolstered by the original's success, George Lucas shot for the moon a second time around, teaming up with director Irvin Kershner to tell the story of Luke training under Master Yoda, Han and Leia heading to Cloud City, and Darth Vader dropping the daddy of all twists. Episode V ramped up the scope with more astonishing model work, dizzying dogfights, the snowy Hoth battle, and a ferocious lightsaber duel between Luke and Vader. It is, simply, bigger and better than the original Star Wars, influential in its own right with its downer-ending and game-changing familial revelations. We love it. You know.",
          "bBox": {
            "x": 72,
            "y": 423.89,
            "w": 449,
            "h": 197
          }
        }
      ],
      "status": "OK",
      "links": [],
      "width": 595.303937007874,
      "height": 841.889763779528,
      "triggeredAutoMode": false,
      "parsingMode": "accurate",
      "structuredData": null,
      "noStructuredContent": false,
      "noTextContent": false
    },
    {
      "page": 6,
      "text": "1) The Lord Of The Rings: The Fellowship Of The Ring (2001)\nDirector: Peter Jackson\nStarring: Elijah Wood, Sean Astin, Ian McKellen, Viggo Mortensen,\nOrlando Bloom, Sean Bean, Cate Blanchett, Liv Tyler\nA wizard is never late. Nor is he early. He arrives precisely when he... well,\nyou know the rest. It might have taken 20 years for Peter Jackson's plucky\nfantasy to clamber, Mount-Doom-style, to the very pinnacle of our\ngreatest-movies pantheon. But here it is, brighter and more resplendent\nthan ever. The Fellowship Of The Ring contains so much movie. Even at\nthe halfway point, as the characters take a breather to bicker in Rivendell,\nyou already feel sated, like you've experienced more thrills, more\nsuspense, more jollity and ethereal beauty than a regular film could\npossibly muster up. But Jackson is only getting started.\nAn ornately detailed masterwork with a huge, pulsing heart, it's just the\nright film for our times — full of craft, conviction and a belief that trudging\nforward, step by step, in dark days is the bravest act of all. Its ultimate\nheroes aren't the strongest, or those with the best one-liners, but the ones\nwho just keep going. And so Fellowship endures: a miracle of storytelling,\na feat of filmmaking and still the gold standard for cinematic experiences.\nRight, now that's decided, who's up for a second breakfast?\nQuick Comparison Of All Movies-",
      "md": "# The Lord Of The Rings: The Fellowship Of The Ring (2001)\n\nDirector: Peter Jackson\n\nStarring: Elijah Wood, Sean Astin, Ian McKellen, Viggo Mortensen, Orlando Bloom, Sean Bean, Cate Blanchett, Liv Tyler\n\nA wizard is never late. Nor is he early. He arrives precisely when he... well, you know the rest. It might have taken 20 years for Peter Jackson's plucky fantasy to clamber, Mount-Doom-style, to the very pinnacle of our greatest-movies pantheon. But here it is, brighter and more resplendent than ever. The Fellowship Of The Ring contains so much movie. Even at the halfway point, as the characters take a breather to bicker in Rivendell, you already feel sated, like you've experienced more thrills, more suspense, more jollity and ethereal beauty than a regular film could possibly muster up. But Jackson is only getting started.\n\nAn ornately detailed masterwork with a huge, pulsing heart, it's just the right film for our times — full of craft, conviction and a belief that trudging forward, step by step, in dark days is the bravest act of all. Its ultimate heroes aren't the strongest, or those with the best one-liners, but the ones who just keep going. And so Fellowship endures: a miracle of storytelling, a feat of filmmaking and still the gold standard for cinematic experiences.\n\nRight, now that's decided, who's up for a second breakfast?\n\n# Quick Comparison Of All Movies",
      "images": [
        {
          "name": "img_p5_1.png",
          "height": 810,
          "width": 1440,
          "x": 72,
          "y": 96.05076377952804,
          "original_width": 1440,
          "original_height": 810
        }
      ],
      "charts": [],
      "items": [
        {
          "type": "heading",
          "lvl": 1,
          "value": "The Lord Of The Rings: The Fellowship Of The Ring (2001)",
          "md": "# The Lord Of The Rings: The Fellowship Of The Ring (2001)",
          "bBox": {
            "x": 0,
            "y": 0,
            "w": 595.3,
            "h": 841.89
          }
        },
        {
          "type": "text",
          "value": "Director: Peter Jackson\n\nStarring: Elijah Wood, Sean Astin, Ian McKellen, Viggo Mortensen, Orlando Bloom, Sean Bean, Cate Blanchett, Liv Tyler\n\nA wizard is never late. Nor is he early. He arrives precisely when he... well, you know the rest. It might have taken 20 years for Peter Jackson's plucky fantasy to clamber, Mount-Doom-style, to the very pinnacle of our greatest-movies pantheon. But here it is, brighter and more resplendent than ever. The Fellowship Of The Ring contains so much movie. Even at the halfway point, as the characters take a breather to bicker in Rivendell, you already feel sated, like you've experienced more thrills, more suspense, more jollity and ethereal beauty than a regular film could possibly muster up. But Jackson is only getting started.\n\nAn ornately detailed masterwork with a huge, pulsing heart, it's just the right film for our times — full of craft, conviction and a belief that trudging forward, step by step, in dark days is the bravest act of all. Its ultimate heroes aren't the strongest, or those with the best one-liners, but the ones who just keep going. And so Fellowship endures: a miracle of storytelling, a feat of filmmaking and still the gold standard for cinematic experiences.\n\nRight, now that's decided, who's up for a second breakfast?",
          "md": "Director: Peter Jackson\n\nStarring: Elijah Wood, Sean Astin, Ian McKellen, Viggo Mortensen, Orlando Bloom, Sean Bean, Cate Blanchett, Liv Tyler\n\nA wizard is never late. Nor is he early. He arrives precisely when he... well, you know the rest. It might have taken 20 years for Peter Jackson's plucky fantasy to clamber, Mount-Doom-style, to the very pinnacle of our greatest-movies pantheon. But here it is, brighter and more resplendent than ever. The Fellowship Of The Ring contains so much movie. Even at the halfway point, as the characters take a breather to bicker in Rivendell, you already feel sated, like you've experienced more thrills, more suspense, more jollity and ethereal beauty than a regular film could possibly muster up. But Jackson is only getting started.\n\nAn ornately detailed masterwork with a huge, pulsing heart, it's just the right film for our times — full of craft, conviction and a belief that trudging forward, step by step, in dark days is the bravest act of all. Its ultimate heroes aren't the strongest, or those with the best one-liners, but the ones who just keep going. And so Fellowship endures: a miracle of storytelling, a feat of filmmaking and still the gold standard for cinematic experiences.\n\nRight, now that's decided, who's up for a second breakfast?",
          "bBox": {
            "x": 72,
            "y": 383.89,
            "w": 450,
            "h": 326
          }
        },
        {
          "type": "heading",
          "lvl": 1,
          "value": "Quick Comparison Of All Movies",
          "md": "# Quick Comparison Of All Movies",
          "bBox": {
            "x": 0,
            "y": 0,
            "w": 595.3,
            "h": 841.89
          }
        }
      ],
      "status": "OK",
      "links": [
        {
          "url": "https://www.empireonline.com/movies/features/fellowship-ring-2/",
          "text": "The Fellowship Of The Ring"
        }
      ],
      "width": 595.303937007874,
      "height": 841.889763779528,
      "triggeredAutoMode": false,
      "parsingMode": "accurate",
      "structuredData": null,
      "noStructuredContent": false,
      "noTextContent": false
    },
    {
      "page": 7,
      "text": "Ran                                   Lead                      Releas\nk    Title              Director      Actor(s)       Genre      e Year\n     The Lord of the\n     Rings: Fellowship  Peter         Elijah Wood,   Fantasy /\n1    of Ring            Jackson       Ian McKellen   Adventure  2001\n     Star Wars: The\n     Empire Strikes     Irvin         Mark Hamill,   Sci-Fi /\n2    Back               Kershner      Harrison Ford  Fantasy    1980\n                                      Marlon\n                        Francis Ford  Brando, Al     Crime /\n3    The Godfather      Coppola       Pacino         Drama      1972\n                                      Christian\n                        Christopher   Bale, Heath    Action /\n4    The Dark Knight    Nolan         Ledger         Thriller   2008\n                                      Tim Robbins,\n     The Shawshank      Frank         Morgan\n5    Redemption         Darabont      Freeman        Drama      1994\nBox Office vs. Legacy Impact\n                       Box Office and Impact\n        1200                                                     10\n        1000\n         800\n         600                                                     9\n         400\n         200\n           0                                                     8\n                              The Godfather\n                                       The Dark Knight\n                  Empire Strikes Back\n       Fellowship of the Ring                Shawshank Redemption\n                     Box Office ($M)  Legacy Impact (0–10)",
      "md": "# Movies\n\n|Rank|Title|Director|Actor(s)|Genre|Release Year|\n|---|---|---|---|---|---|\n|1|The Lord of the Rings: Fellowship of Ring|Peter Jackson|Elijah Wood, Ian McKellen|Fantasy / Adventure|2001|\n|2|Star Wars: The Empire Strikes Back|Irvin Kershner|Mark Hamill, Harrison Ford|Sci-Fi / Fantasy|1980|\n|3|The Godfather|Francis Ford Coppola|Marlon Brando, Al Pacino|Crime / Drama|1972|\n|4|The Dark Knight|Christopher Nolan|Christian Bale, Heath Ledger|Action / Thriller|2008|\n|5|The Shawshank Redemption|Frank Darabont|Tim Robbins, Morgan Freeman|Drama|1994|\n\n# Box Office vs. Legacy Impact\n\n|Box Office ($M)|Legacy Impact (0–10)|\n|---|---|\n|1200|10|\n|1000| |\n|800|9|\n|600| |\n|400|8|\n|200| |\n|0| |\n",
      "images": [],
      "charts": [],
      "items": [
        {
          "type": "heading",
          "lvl": 1,
          "value": "Movies",
          "md": "# Movies",
          "bBox": {
            "x": 0,
            "y": 0,
            "w": 595.3,
            "h": 841.89
          }
        },
        {
          "type": "table",
          "rows": [
            [
              "Rank",
              "Title",
              "Director",
              "Actor(s)",
              "Genre",
              "Release Year"
            ],
            [
              "1",
              "The Lord of the Rings: Fellowship of Ring",
              "Peter Jackson",
              "Elijah Wood, Ian McKellen",
              "Fantasy / Adventure",
              "2001"
            ],
            [
              "2",
              "Star Wars: The Empire Strikes Back",
              "Irvin Kershner",
              "Mark Hamill, Harrison Ford",
              "Sci-Fi / Fantasy",
              "1980"
            ],
            [
              "3",
              "The Godfather",
              "Francis Ford Coppola",
              "Marlon Brando, Al Pacino",
              "Crime / Drama",
              "1972"
            ],
            [
              "4",
              "The Dark Knight",
              "Christopher Nolan",
              "Christian Bale, Heath Ledger",
              "Action / Thriller",
              "2008"
            ],
            [
              "5",
              "The Shawshank Redemption",
              "Frank Darabont",
              "Tim Robbins, Morgan Freeman",
              "Drama",
              "1994"
            ]
          ],
          "md": "|Rank|Title|Director|Actor(s)|Genre|Release Year|\n|1|The Lord of the Rings: Fellowship of Ring|Peter Jackson|Elijah Wood, Ian McKellen|Fantasy / Adventure|2001|\n|2|Star Wars: The Empire Strikes Back|Irvin Kershner|Mark Hamill, Harrison Ford|Sci-Fi / Fantasy|1980|\n|3|The Godfather|Francis Ford Coppola|Marlon Brando, Al Pacino|Crime / Drama|1972|\n|4|The Dark Knight|Christopher Nolan|Christian Bale, Heath Ledger|Action / Thriller|2008|\n|5|The Shawshank Redemption|Frank Darabont|Tim Robbins, Morgan Freeman|Drama|1994|",
          "isPerfectTable": true,
          "csv": "\"Rank\",\"Title\",\"Director\",\"Actor(s)\",\"Genre\",\"Release Year\"\n\"1\",\"The Lord of the Rings: Fellowship of Ring\",\"Peter Jackson\",\"Elijah Wood, Ian McKellen\",\"Fantasy / Adventure\",\"2001\"\n\"2\",\"Star Wars: The Empire Strikes Back\",\"Irvin Kershner\",\"Mark Hamill, Harrison Ford\",\"Sci-Fi / Fantasy\",\"1980\"\n\"3\",\"The Godfather\",\"Francis Ford Coppola\",\"Marlon Brando, Al Pacino\",\"Crime / Drama\",\"1972\"\n\"4\",\"The Dark Knight\",\"Christopher Nolan\",\"Christian Bale, Heath Ledger\",\"Action / Thriller\",\"2008\"\n\"5\",\"The Shawshank Redemption\",\"Frank Darabont\",\"Tim Robbins, Morgan Freeman\",\"Drama\",\"1994\"",
          "bBox": {
            "x": 74,
            "y": 89.89,
            "w": 424,
            "h": 633
          }
        },
        {
          "type": "heading",
          "lvl": 1,
          "value": "Box Office vs. Legacy Impact",
          "md": "# Box Office vs. Legacy Impact",
          "bBox": {
            "x": 72,
            "y": 440.89,
            "w": 194,
            "h": 12
          }
        },
        {
          "type": "table",
          "rows": [
            [
              "Box Office ($M)",
              "Legacy Impact (0–10)"
            ],
            [
              "1200",
              "10"
            ],
            [
              "1000",
              ""
            ],
            [
              "800",
              "9"
            ],
            [
              "600",
              ""
            ],
            [
              "400",
              "8"
            ],
            [
              "200",
              ""
            ],
            [
              "0",
              ""
            ]
          ],
          "md": "|Box Office ($M)|Legacy Impact (0–10)|\n|1200|10|\n|1000| |\n|800|9|\n|600| |\n|400|8|\n|200| |\n|0| |",
          "isPerfectTable": true,
          "csv": "\"Box Office ($M)\",\"Legacy Impact (0–10)\"\n\"1200\",\"10\"\n\"1000\",\"\"\n\"800\",\"9\"\n\"600\",\"\"\n\"400\",\"8\"\n\"200\",\"\"\n\"0\",\"\"",
          "bBox": {
            "x": 72,
            "y": 73.89,
            "w": 440,
            "h": 649
          }
        }
      ],
      "status": "OK",
      "links": [],
      "width": 595.303937007874,
      "height": 841.889763779528,
      "triggeredAutoMode": false,
      "parsingMode": "accurate",
      "structuredData": null,
      "noStructuredContent": false,
      "noTextContent": false
    }
  ],
  "job_metadata": {
    "credits_used": 0,
    "job_credits_usage": 0,
    "job_pages": 0,
    "job_auto_mode_triggered_pages": 0,
    "job_is_cache_hit": true,
    "credits_max": 3000
  }
}